RequestID;SubmitTime;Duration;DataProcessed;Submitter;Status;SessionID;DataProcessedGB
55663355;7/21/21, 11:23:31 PM;1 sec;10.00 MB;benchmark_admin_1gb_parquet;Completed;N/A;0.01
55663149;7/21/21, 11:23:30 PM;0 sec;26.00 MB;benchmark_admin_1gb_parquet;Completed;N/A;0.026
55662987;7/21/21, 11:23:29 PM;0 sec;19.00 MB;benchmark_admin_1gb_parquet;Completed;N/A;0.019
55662821;7/21/21, 11:23:28 PM;0 sec;10.00 MB;benchmark_admin_1gb_parquet;Completed;N/A;0.01
55662623;7/21/21, 11:23:26 PM;1 sec;33.00 MB;benchmark_admin_1gb_parquet;Completed;N/A;0.033
55662350;7/21/21, 11:23:25 PM;1 sec;23.00 MB;benchmark_admin_1gb_parquet;Completed;N/A;0.023
55662142;7/21/21, 11:23:25 PM;0 sec;10.00 MB;benchmark_admin_1gb_parquet;Completed;N/A;0.01
55661949;7/21/21, 11:23:21 PM;3 sec;22.00 MB;benchmark_admin_1gb_parquet;Completed;N/A;0.022
55661670;7/21/21, 11:23:20 PM;1 sec;10.00 MB;benchmark_admin_1gb_parquet;Completed;N/A;0.01
55660245;7/21/21, 11:23:19 PM;1 sec;23.00 MB;benchmark_admin_1gb_parquet;Completed;N/A;0.023
55659695;7/21/21, 11:23:18 PM;1 sec;29.00 MB;benchmark_admin_1gb_parquet;Completed;N/A;0.029
55658711;7/21/21, 11:23:16 PM;1 sec;40.00 MB;benchmark_admin_1gb_parquet;Completed;N/A;0.04
55658390;7/21/21, 11:23:15 PM;0 sec;10.00 MB;benchmark_admin_1gb_parquet;Completed;N/A;0.01
55658211;7/21/21, 11:23:11 PM;3 sec;41.00 MB;benchmark_admin_1gb_parquet;Completed;N/A;0.041
55657887;7/21/21, 11:23:09 PM;2 sec;21.00 MB;benchmark_admin_1gb_parquet;Completed;N/A;0.021
55657669;7/21/21, 11:23:07 PM;1 sec;12.00 MB;benchmark_admin_1gb_parquet;Completed;N/A;0.012
55657085;7/21/21, 11:23:03 PM;3 sec;67.00 MB;benchmark_admin_1gb_parquet;Completed;N/A;0.067
55656849;7/21/21, 11:23:02 PM;1 sec;15.00 MB;benchmark_admin_1gb_parquet;Completed;N/A;0.015
55656554;7/21/21, 11:23:00 PM;1 sec;85.00 MB;benchmark_admin_1gb_parquet;Completed;N/A;0.085
55655934;7/21/21, 11:22:59 PM;0 sec;32.00 MB;benchmark_admin_1gb_parquet;Completed;N/A;0.032
55655706;7/21/21, 11:22:57 PM;1 sec;68.00 MB;benchmark_admin_1gb_parquet;Completed;N/A;0.068
55655350;7/21/21, 11:22:56 PM;1 sec;55.00 MB;benchmark_admin_1gb_parquet;Completed;N/A;0.055
55654899;7/21/21, 11:22:54 PM;1 sec;40.00 MB;benchmark_admin_1gb_parquet;Completed;N/A;0.04
55653733;7/21/21, 11:22:52 PM;2 sec;111.00 MB;benchmark_admin_1gb_parquet;Completed;N/A;0.111
55651411;7/21/21, 11:22:50 PM;2 sec;83.00 MB;benchmark_admin_1gb_parquet;Completed;N/A;0.083
55649027;7/21/21, 11:22:48 PM;1 sec;16.00 MB;benchmark_admin_1gb_parquet;Completed;N/A;0.016
55646127;7/21/21, 11:22:43 PM;5 sec;90.00 MB;benchmark_admin_1gb_parquet;Completed;N/A;0.09
55645759;7/21/21, 11:22:40 PM;1 sec;37.00 MB;benchmark_admin_1gb_parquet;Completed;N/A;0.037
55645436;7/21/21, 11:22:39 PM;1 sec;28.00 MB;benchmark_admin_1gb_parquet;Completed;N/A;0.028
55642777;7/21/21, 11:22:36 PM;2 sec;16.00 MB;benchmark_admin_1gb_parquet;Completed;N/A;0.016
55642442;7/21/21, 11:22:35 PM;1 sec;55.00 MB;benchmark_admin_1gb_parquet;Completed;N/A;0.055
55639955;7/21/21, 11:22:30 PM;4 sec;107.00 MB;benchmark_admin_1gb_parquet;Completed;N/A;0.107
55639657;7/21/21, 11:22:29 PM;0 sec;35.00 MB;benchmark_admin_1gb_parquet;Completed;N/A;0.035
55637073;7/21/21, 11:22:20 PM;8 sec;200.00 MB;benchmark_admin_1gb_parquet;Completed;N/A;0.2
55634588;7/21/21, 11:22:18 PM;1 sec;15.00 MB;benchmark_admin_1gb_parquet;Completed;N/A;0.015
55633613;7/21/21, 11:22:18 PM;0 sec;10.00 MB;benchmark_admin_1gb_parquet;Completed;N/A;0.01
55633406;7/21/21, 11:22:16 PM;1 sec;10.00 MB;benchmark_admin_1gb_parquet;Completed;N/A;0.01
55632975;7/21/21, 11:22:14 PM;1 sec;40.00 MB;benchmark_admin_1gb_parquet;Completed;N/A;0.04
55632479;7/21/21, 11:22:13 PM;1 sec;18.00 MB;benchmark_admin_1gb_parquet;Completed;N/A;0.018
55632082;7/21/21, 11:22:11 PM;1 sec;155.00 MB;benchmark_admin_1gb_parquet;Completed;N/A;0.155
55631711;7/21/21, 11:22:08 PM;2 sec;41.00 MB;benchmark_admin_1gb_parquet;Completed;N/A;0.041
55631240;7/21/21, 11:22:06 PM;1 sec;20.00 MB;benchmark_admin_1gb_parquet;Completed;N/A;0.02
55631053;7/21/21, 11:22:04 PM;2 sec;10.00 MB;benchmark_admin_1gb_parquet;Completed;N/A;0.01
55630568;7/21/21, 11:22:03 PM;0 sec;15.00 MB;benchmark_admin_1gb_parquet;Completed;N/A;0.015
55630342;7/21/21, 11:22:02 PM;1 sec;20.00 MB;benchmark_admin_1gb_parquet;Completed;N/A;0.02
55630183;7/21/21, 11:22:00 PM;1 sec;31.00 MB;benchmark_admin_1gb_parquet;Completed;N/A;0.031
55629992;7/21/21, 11:21:59 PM;1 sec;16.00 MB;benchmark_admin_1gb_parquet;Completed;N/A;0.016
55629726;7/21/21, 11:21:58 PM;1 sec;68.00 MB;benchmark_admin_1gb_parquet;Completed;N/A;0.068
55629313;7/21/21, 11:21:56 PM;1 sec;39.00 MB;benchmark_admin_1gb_parquet;Completed;N/A;0.039
55619311;7/21/21, 11:21:44 PM;12 sec;89.00 MB;benchmark_admin_1gb_parquet;Completed;N/A;0.089
55618324;7/21/21, 11:21:42 PM;1 sec;47.00 MB;benchmark_admin_1gb_parquet;Completed;N/A;0.047
55617708;7/21/21, 11:21:41 PM;1 sec;10.00 MB;benchmark_admin_1gb_parquet;Completed;N/A;0.01
55616614;7/21/21, 11:21:38 PM;2 sec;65.00 MB;benchmark_admin_1gb_parquet;Completed;N/A;0.065
55615122;7/21/21, 11:21:37 PM;0 sec;10.00 MB;benchmark_admin_1gb_parquet;Completed;N/A;0.01
55614747;7/21/21, 11:21:36 PM;0 sec;20.00 MB;benchmark_admin_1gb_parquet;Completed;N/A;0.02
55614336;7/21/21, 11:21:35 PM;1 sec;13.00 MB;benchmark_admin_1gb_parquet;Completed;N/A;0.013
55612701;7/21/21, 11:21:34 PM;1 sec;80.00 MB;benchmark_admin_1gb_parquet;Completed;N/A;0.08
55612387;7/21/21, 11:21:31 PM;2 sec;29.00 MB;benchmark_admin_1gb_parquet;Completed;N/A;0.029
55612063;7/21/21, 11:21:30 PM;1 sec;50.00 MB;benchmark_admin_1gb_parquet;Completed;N/A;0.05
55611870;7/21/21, 11:21:28 PM;1 sec;41.00 MB;benchmark_admin_1gb_parquet;Completed;N/A;0.041
55611612;7/21/21, 11:21:25 PM;3 sec;23.00 MB;benchmark_admin_1gb_parquet;Completed;N/A;0.023
55611284;7/21/21, 11:21:23 PM;1 sec;10.00 MB;benchmark_admin_1gb_parquet;Completed;N/A;0.01
55611014;7/21/21, 11:21:22 PM;1 sec;38.00 MB;benchmark_admin_1gb_parquet;Completed;N/A;0.038
55609932;7/21/21, 11:21:19 PM;2 sec;65.00 MB;benchmark_admin_1gb_parquet;Completed;N/A;0.065
55608362;7/21/21, 11:21:17 PM;1 sec;25.00 MB;benchmark_admin_1gb_parquet;Completed;N/A;0.025
55608041;7/21/21, 11:21:15 PM;1 sec;206.00 MB;benchmark_admin_1gb_parquet;Completed;N/A;0.206
55607753;7/21/21, 11:21:13 PM;2 sec;37.00 MB;benchmark_admin_1gb_parquet;Completed;N/A;0.037
55607508;7/21/21, 11:21:08 PM;5 sec;34.00 MB;benchmark_admin_1gb_parquet;Completed;N/A;0.034
55607294;7/21/21, 11:21:05 PM;2 sec;39.00 MB;benchmark_admin_1gb_parquet;Completed;N/A;0.039
55606988;7/21/21, 11:21:04 PM;1 sec;10.00 MB;benchmark_admin_1gb_parquet;Completed;N/A;0.01
55606324;7/21/21, 11:21:02 PM;1 sec;112.00 MB;benchmark_admin_1gb_parquet;Completed;N/A;0.112
55605775;7/21/21, 11:21:01 PM;1 sec;54.00 MB;benchmark_admin_1gb_parquet;Completed;N/A;0.054
55605590;7/21/21, 11:20:58 PM;1 sec;43.00 MB;benchmark_admin_1gb_parquet;Completed;N/A;0.043
55605418;7/21/21, 11:20:58 PM;0 sec;14.00 MB;benchmark_admin_1gb_parquet;Completed;N/A;0.014
55605243;7/21/21, 11:20:56 PM;1 sec;25.00 MB;benchmark_admin_1gb_parquet;Completed;N/A;0.025
55604993;7/21/21, 11:20:54 PM;2 sec;49.00 MB;benchmark_admin_1gb_parquet;Completed;N/A;0.049
55602265;7/21/21, 11:20:51 PM;2 sec;26.00 MB;benchmark_admin_1gb_parquet;Completed;N/A;0.026
55600690;7/21/21, 11:20:50 PM;1 sec;39.00 MB;benchmark_admin_1gb_parquet;Completed;N/A;0.039
55599196;7/21/21, 11:20:49 PM;1 sec;11.00 MB;benchmark_admin_1gb_parquet;Completed;N/A;0.011
55597132;7/21/21, 11:20:45 PM;3 sec;133.00 MB;benchmark_admin_1gb_parquet;Completed;N/A;0.133
55593972;7/21/21, 11:20:43 PM;2 sec;59.00 MB;benchmark_admin_1gb_parquet;Completed;N/A;0.059
55593700;7/21/21, 11:20:42 PM;0 sec;10.00 MB;benchmark_admin_1gb_parquet;Completed;N/A;0.01
55593534;7/21/21, 11:20:38 PM;3 sec;141.00 MB;benchmark_admin_1gb_parquet;Completed;N/A;0.141
55591799;7/21/21, 11:20:35 PM;3 sec;28.00 MB;benchmark_admin_1gb_parquet;Completed;N/A;0.028
55590331;7/21/21, 11:20:30 PM;4 sec;48.00 MB;benchmark_admin_1gb_parquet;Completed;N/A;0.048
55590119;7/21/21, 11:20:27 PM;2 sec;80.00 MB;benchmark_admin_1gb_parquet;Completed;N/A;0.08
55589714;7/21/21, 11:20:24 PM;3 sec;201.00 MB;benchmark_admin_1gb_parquet;Completed;N/A;0.201
55588964;7/21/21, 11:20:22 PM;1 sec;13.00 MB;benchmark_admin_1gb_parquet;Completed;N/A;0.013
55587875;7/21/21, 11:20:19 PM;3 sec;21.00 MB;benchmark_admin_1gb_parquet;Completed;N/A;0.021
55587537;7/21/21, 11:20:18 PM;0 sec;11.00 MB;benchmark_admin_1gb_parquet;Completed;N/A;0.011
55587319;7/21/21, 11:20:18 PM;0 sec;10.00 MB;benchmark_admin_1gb_parquet;Completed;N/A;0.01
55586978;7/21/21, 11:20:17 PM;0 sec;46.00 MB;benchmark_admin_1gb_parquet;Completed;N/A;0.046
55586900;7/21/21, 11:20:17 PM;0 sec;10.00 MB;benchmark_admin_1gb_parquet;Completed;N/A;0.01
55586830;7/21/21, 11:20:17 PM;0 sec;10.00 MB;benchmark_admin_1gb_parquet;Completed;N/A;0.01
55586746;7/21/21, 11:20:16 PM;0 sec;10.00 MB;benchmark_admin_1gb_parquet;Completed;N/A;0.01
55586676;7/21/21, 11:20:16 PM;0 sec;10.00 MB;benchmark_admin_1gb_parquet;Completed;N/A;0.01
55586598;7/21/21, 11:20:16 PM;0 sec;10.00 MB;benchmark_admin_1gb_parquet;Completed;N/A;0.01
55586525;7/21/21, 11:20:14 PM;1 sec;121.00 MB;benchmark_admin_1gb_parquet;Completed;N/A;0.121
55586447;7/21/21, 11:20:14 PM;0 sec;17.00 MB;benchmark_admin_1gb_parquet;Completed;N/A;0.017
55586377;7/21/21, 11:20:13 PM;0 sec;10.00 MB;benchmark_admin_1gb_parquet;Completed;N/A;0.01
55586377;7/21/21, 11:20:13 PM;0 sec;10.00 MB;benchmark_admin_1gb_parquet;Completed;N/A;0.01
55586299;7/21/21, 11:20:13 PM;0 sec;10.00 MB;benchmark_admin_1gb_parquet;Completed;N/A;0.01
55586229;7/21/21, 11:20:13 PM;0 sec;10.00 MB;benchmark_admin_1gb_parquet;Completed;N/A;0.01
55586150;7/21/21, 11:20:13 PM;0 sec;10.00 MB;benchmark_admin_1gb_parquet;Completed;N/A;0.01
55585620;7/21/21, 11:20:12 PM;0 sec;38.00 MB;benchmark_admin_1gb_parquet;Completed;N/A;0.038
55585542;7/21/21, 11:20:12 PM;0 sec;10.00 MB;benchmark_admin_1gb_parquet;Completed;N/A;0.01
55585472;7/21/21, 11:20:11 PM;0 sec;10.00 MB;benchmark_admin_1gb_parquet;Completed;N/A;0.01
55585394;7/21/21, 11:20:11 PM;0 sec;10.00 MB;benchmark_admin_1gb_parquet;Completed;N/A;0.01
55585324;7/21/21, 11:20:10 PM;0 sec;10.00 MB;benchmark_admin_1gb_parquet;Completed;N/A;0.01
55585246;7/21/21, 11:20:10 PM;0 sec;10.00 MB;benchmark_admin_1gb_parquet;Completed;N/A;0.01
55585176;7/21/21, 11:20:09 PM;0 sec;10.00 MB;benchmark_admin_1gb_parquet;Completed;N/A;0.01
55583927;7/21/21, 11:20:08 PM;1 sec;98.00 MB;benchmark_admin_1gb_parquet;Completed;N/A;0.098
55583808;7/21/21, 11:20:07 PM;0 sec;12.00 MB;benchmark_admin_1gb_parquet;Completed;N/A;0.012
55582918;7/21/21, 11:20:07 PM;0 sec;10.00 MB;benchmark_admin_1gb_parquet;Completed;N/A;0.01
55582494;7/21/21, 11:20:07 PM;0 sec;10.00 MB;benchmark_admin_1gb_parquet;Completed;N/A;0.01
55565301;7/21/21, 11:19:32 PM;0 sec;10.00 MB;benchmark_admin_1gb_parquet;Completed;N/A;0.01
55565086;7/21/21, 11:19:30 PM;1 sec;26.00 MB;benchmark_admin_1gb_parquet;Completed;N/A;0.026
55564923;7/21/21, 11:19:29 PM;0 sec;19.00 MB;benchmark_admin_1gb_parquet;Completed;N/A;0.019
55564757;7/21/21, 11:19:29 PM;0 sec;10.00 MB;benchmark_admin_1gb_parquet;Completed;N/A;0.01
55564536;7/21/21, 11:19:26 PM;2 sec;33.00 MB;benchmark_admin_1gb_parquet;Completed;N/A;0.033
55563851;7/21/21, 11:19:25 PM;1 sec;23.00 MB;benchmark_admin_1gb_parquet;Completed;N/A;0.023
55563293;7/21/21, 11:19:24 PM;0 sec;10.00 MB;benchmark_admin_1gb_parquet;Completed;N/A;0.01
55562272;7/21/21, 11:19:22 PM;2 sec;22.00 MB;benchmark_admin_1gb_parquet;Completed;N/A;0.022
55561879;7/21/21, 11:19:21 PM;0 sec;10.00 MB;benchmark_admin_1gb_parquet;Completed;N/A;0.01
55561613;7/21/21, 11:19:20 PM;1 sec;23.00 MB;benchmark_admin_1gb_parquet;Completed;N/A;0.023
55559503;7/21/21, 11:19:12 PM;8 sec;29.00 MB;benchmark_admin_1gb_parquet;Completed;N/A;0.029
55558526;7/21/21, 11:19:10 PM;1 sec;40.00 MB;benchmark_admin_1gb_parquet;Completed;N/A;0.04
55558204;7/21/21, 11:19:09 PM;1 sec;10.00 MB;benchmark_admin_1gb_parquet;Completed;N/A;0.01
55557990;7/21/21, 11:19:04 PM;5 sec;43.00 MB;benchmark_admin_1gb_parquet;Completed;N/A;0.043
55557506;7/21/21, 11:19:02 PM;2 sec;21.00 MB;benchmark_admin_1gb_parquet;Completed;N/A;0.021
55557294;7/21/21, 11:19:00 PM;1 sec;12.00 MB;benchmark_admin_1gb_parquet;Completed;N/A;0.012
55556832;7/21/21, 11:18:56 PM;3 sec;67.00 MB;benchmark_admin_1gb_parquet;Completed;N/A;0.067
55556657;7/21/21, 11:18:55 PM;0 sec;15.00 MB;benchmark_admin_1gb_parquet;Completed;N/A;0.015
55556157;7/21/21, 11:18:53 PM;2 sec;85.00 MB;benchmark_admin_1gb_parquet;Completed;N/A;0.085
55552767;7/21/21, 11:18:51 PM;1 sec;32.00 MB;benchmark_admin_1gb_parquet;Completed;N/A;0.032
55551727;7/21/21, 11:18:50 PM;1 sec;68.00 MB;benchmark_admin_1gb_parquet;Completed;N/A;0.068
55548598;7/21/21, 11:18:48 PM;2 sec;55.00 MB;benchmark_admin_1gb_parquet;Completed;N/A;0.055
55547649;7/21/21, 11:18:47 PM;1 sec;40.00 MB;benchmark_admin_1gb_parquet;Completed;N/A;0.04
55546980;7/21/21, 11:18:44 PM;2 sec;111.00 MB;benchmark_admin_1gb_parquet;Completed;N/A;0.111
55544955;7/21/21, 11:18:42 PM;1 sec;83.00 MB;benchmark_admin_1gb_parquet;Completed;N/A;0.083
55544518;7/21/21, 11:18:41 PM;1 sec;16.00 MB;benchmark_admin_1gb_parquet;Completed;N/A;0.016
55541699;7/21/21, 11:18:35 PM;5 sec;90.00 MB;benchmark_admin_1gb_parquet;Completed;N/A;0.09
55539995;7/21/21, 11:18:33 PM;1 sec;37.00 MB;benchmark_admin_1gb_parquet;Completed;N/A;0.037
55539512;7/21/21, 11:18:31 PM;2 sec;28.00 MB;benchmark_admin_1gb_parquet;Completed;N/A;0.028
55539311;7/21/21, 11:18:28 PM;2 sec;16.00 MB;benchmark_admin_1gb_parquet;Completed;N/A;0.016
55538936;7/21/21, 11:18:27 PM;1 sec;55.00 MB;benchmark_admin_1gb_parquet;Completed;N/A;0.055
55538659;7/21/21, 11:18:21 PM;5 sec;107.00 MB;benchmark_admin_1gb_parquet;Completed;N/A;0.107
55538438;7/21/21, 11:18:20 PM;1 sec;35.00 MB;benchmark_admin_1gb_parquet;Completed;N/A;0.035
55535512;7/21/21, 11:18:11 PM;8 sec;203.00 MB;benchmark_admin_1gb_parquet;Completed;N/A;0.203
55534381;7/21/21, 11:18:10 PM;0 sec;15.00 MB;benchmark_admin_1gb_parquet;Completed;N/A;0.015
55534193;7/21/21, 11:18:09 PM;1 sec;10.00 MB;benchmark_admin_1gb_parquet;Completed;N/A;0.01
55533995;7/21/21, 11:18:08 PM;0 sec;10.00 MB;benchmark_admin_1gb_parquet;Completed;N/A;0.01
55533525;7/21/21, 11:18:06 PM;2 sec;40.00 MB;benchmark_admin_1gb_parquet;Completed;N/A;0.04
55533054;7/21/21, 11:18:05 PM;1 sec;18.00 MB;benchmark_admin_1gb_parquet;Completed;N/A;0.018
55532798;7/21/21, 11:18:03 PM;1 sec;155.00 MB;benchmark_admin_1gb_parquet;Completed;N/A;0.155
55532251;7/21/21, 11:18:00 PM;2 sec;48.00 MB;benchmark_admin_1gb_parquet;Completed;N/A;0.048
55531791;7/21/21, 11:17:58 PM;1 sec;20.00 MB;benchmark_admin_1gb_parquet;Completed;N/A;0.02
55531616;7/21/21, 11:17:56 PM;1 sec;10.00 MB;benchmark_admin_1gb_parquet;Completed;N/A;0.01
55531239;7/21/21, 11:17:55 PM;1 sec;15.00 MB;benchmark_admin_1gb_parquet;Completed;N/A;0.015
55531044;7/21/21, 11:17:54 PM;1 sec;20.00 MB;benchmark_admin_1gb_parquet;Completed;N/A;0.02
55530543;7/21/21, 11:17:52 PM;1 sec;31.00 MB;benchmark_admin_1gb_parquet;Completed;N/A;0.031
55528884;7/21/21, 11:17:50 PM;2 sec;16.00 MB;benchmark_admin_1gb_parquet;Completed;N/A;0.016
55526656;7/21/21, 11:17:48 PM;2 sec;68.00 MB;benchmark_admin_1gb_parquet;Completed;N/A;0.068
55525169;7/21/21, 11:17:46 PM;1 sec;39.00 MB;benchmark_admin_1gb_parquet;Completed;N/A;0.039
55520487;7/21/21, 11:17:34 PM;12 sec;89.00 MB;benchmark_admin_1gb_parquet;Completed;N/A;0.089
55520062;7/21/21, 11:17:32 PM;1 sec;47.00 MB;benchmark_admin_1gb_parquet;Completed;N/A;0.047
55519640;7/21/21, 11:17:31 PM;0 sec;10.00 MB;benchmark_admin_1gb_parquet;Completed;N/A;0.01
55519408;7/21/21, 11:17:29 PM;1 sec;65.00 MB;benchmark_admin_1gb_parquet;Completed;N/A;0.065
55519190;7/21/21, 11:17:28 PM;0 sec;10.00 MB;benchmark_admin_1gb_parquet;Completed;N/A;0.01
55518923;7/21/21, 11:17:27 PM;1 sec;20.00 MB;benchmark_admin_1gb_parquet;Completed;N/A;0.02
55518772;7/21/21, 11:17:26 PM;0 sec;13.00 MB;benchmark_admin_1gb_parquet;Completed;N/A;0.013
55518468;7/21/21, 11:17:24 PM;1 sec;80.00 MB;benchmark_admin_1gb_parquet;Completed;N/A;0.08
55518214;7/21/21, 11:17:22 PM;2 sec;29.00 MB;benchmark_admin_1gb_parquet;Completed;N/A;0.029
55517406;7/21/21, 11:17:20 PM;1 sec;50.00 MB;benchmark_admin_1gb_parquet;Completed;N/A;0.05
55515821;7/21/21, 11:17:18 PM;1 sec;41.00 MB;benchmark_admin_1gb_parquet;Completed;N/A;0.041
55515173;7/21/21, 11:17:16 PM;2 sec;27.00 MB;benchmark_admin_1gb_parquet;Completed;N/A;0.027
55513949;7/21/21, 11:17:07 PM;8 sec;10.00 MB;benchmark_admin_1gb_parquet;Completed;N/A;0.01
55513217;7/21/21, 11:17:05 PM;1 sec;38.00 MB;benchmark_admin_1gb_parquet;Completed;N/A;0.038
55512052;7/21/21, 11:17:03 PM;1 sec;65.00 MB;benchmark_admin_1gb_parquet;Completed;N/A;0.065
55510560;7/21/21, 11:17:00 PM;3 sec;28.00 MB;benchmark_admin_1gb_parquet;Completed;N/A;0.028
55510054;7/21/21, 11:16:58 PM;1 sec;206.00 MB;benchmark_admin_1gb_parquet;Completed;N/A;0.206
55509767;7/21/21, 11:16:57 PM;1 sec;37.00 MB;benchmark_admin_1gb_parquet;Completed;N/A;0.037
55508631;7/21/21, 11:16:52 PM;4 sec;34.00 MB;benchmark_admin_1gb_parquet;Completed;N/A;0.034
55506411;7/21/21, 11:16:50 PM;1 sec;39.00 MB;benchmark_admin_1gb_parquet;Completed;N/A;0.039
55503909;7/21/21, 11:16:48 PM;2 sec;11.00 MB;benchmark_admin_1gb_parquet;Completed;N/A;0.011
55502716;7/21/21, 11:16:45 PM;2 sec;112.00 MB;benchmark_admin_1gb_parquet;Completed;N/A;0.112
55501013;7/21/21, 11:16:44 PM;1 sec;54.00 MB;benchmark_admin_1gb_parquet;Completed;N/A;0.054
55500439;7/21/21, 11:16:41 PM;1 sec;43.00 MB;benchmark_admin_1gb_parquet;Completed;N/A;0.043
55500267;7/21/21, 11:16:41 PM;0 sec;14.00 MB;benchmark_admin_1gb_parquet;Completed;N/A;0.014
55500101;7/21/21, 11:16:39 PM;1 sec;25.00 MB;benchmark_admin_1gb_parquet;Completed;N/A;0.025
55498535;7/21/21, 11:16:36 PM;2 sec;49.00 MB;benchmark_admin_1gb_parquet;Completed;N/A;0.049
55497821;7/21/21, 11:16:34 PM;2 sec;26.00 MB;benchmark_admin_1gb_parquet;Completed;N/A;0.026
55497052;7/21/21, 11:16:32 PM;1 sec;39.00 MB;benchmark_admin_1gb_parquet;Completed;N/A;0.039
55496640;7/21/21, 11:16:31 PM;1 sec;11.00 MB;benchmark_admin_1gb_parquet;Completed;N/A;0.011
55496464;7/21/21, 11:16:27 PM;3 sec;133.00 MB;benchmark_admin_1gb_parquet;Completed;N/A;0.133
55494919;7/21/21, 11:16:25 PM;2 sec;59.00 MB;benchmark_admin_1gb_parquet;Completed;N/A;0.059
55494676;7/21/21, 11:16:24 PM;1 sec;10.00 MB;benchmark_admin_1gb_parquet;Completed;N/A;0.01
55494463;7/21/21, 11:16:20 PM;3 sec;141.00 MB;benchmark_admin_1gb_parquet;Completed;N/A;0.141
55492528;7/21/21, 11:16:17 PM;2 sec;28.00 MB;benchmark_admin_1gb_parquet;Completed;N/A;0.028
55492141;7/21/21, 11:16:12 PM;4 sec;48.00 MB;benchmark_admin_1gb_parquet;Completed;N/A;0.048
55491869;7/21/21, 11:16:04 PM;8 sec;80.00 MB;benchmark_admin_1gb_parquet;Completed;N/A;0.08
55491869;7/21/21, 11:16:04 PM;8 sec;80.00 MB;benchmark_admin_1gb_parquet;Completed;N/A;0.08
55491288;7/21/21, 11:16:01 PM;3 sec;201.00 MB;benchmark_admin_1gb_parquet;Completed;N/A;0.201
55490581;7/21/21, 11:16:00 PM;0 sec;13.00 MB;benchmark_admin_1gb_parquet;Completed;N/A;0.013
55490380;7/21/21, 11:15:57 PM;2 sec;21.00 MB;benchmark_admin_1gb_parquet;Completed;N/A;0.021
55490121;7/21/21, 11:15:56 PM;1 sec;11.00 MB;benchmark_admin_1gb_parquet;Completed;N/A;0.011
55489904;7/21/21, 11:15:55 PM;0 sec;10.00 MB;benchmark_admin_1gb_parquet;Completed;N/A;0.01
55489831;7/21/21, 11:15:54 PM;1 sec;46.00 MB;benchmark_admin_1gb_parquet;Completed;N/A;0.046
55489753;7/21/21, 11:15:53 PM;0 sec;10.00 MB;benchmark_admin_1gb_parquet;Completed;N/A;0.01
55489682;7/21/21, 11:15:53 PM;0 sec;10.00 MB;benchmark_admin_1gb_parquet;Completed;N/A;0.01
55488909;7/21/21, 11:15:52 PM;0 sec;10.00 MB;benchmark_admin_1gb_parquet;Completed;N/A;0.01
55488258;7/21/21, 11:15:52 PM;0 sec;10.00 MB;benchmark_admin_1gb_parquet;Completed;N/A;0.01
55487819;7/21/21, 11:15:52 PM;0 sec;10.00 MB;benchmark_admin_1gb_parquet;Completed;N/A;0.01
55486469;7/21/21, 11:15:50 PM;1 sec;121.00 MB;benchmark_admin_1gb_parquet;Completed;N/A;0.121
55485008;7/21/21, 11:15:49 PM;0 sec;17.00 MB;benchmark_admin_1gb_parquet;Completed;N/A;0.017
55484588;7/21/21, 11:15:49 PM;0 sec;10.00 MB;benchmark_admin_1gb_parquet;Completed;N/A;0.01
55484048;7/21/21, 11:15:48 PM;0 sec;10.00 MB;benchmark_admin_1gb_parquet;Completed;N/A;0.01
55483280;7/21/21, 11:15:48 PM;0 sec;10.00 MB;benchmark_admin_1gb_parquet;Completed;N/A;0.01
55482969;7/21/21, 11:15:47 PM;0 sec;10.00 MB;benchmark_admin_1gb_parquet;Completed;N/A;0.01
55482859;7/21/21, 11:15:47 PM;0 sec;38.00 MB;benchmark_admin_1gb_parquet;Completed;N/A;0.038
55482781;7/21/21, 11:15:46 PM;0 sec;10.00 MB;benchmark_admin_1gb_parquet;Completed;N/A;0.01
55482706;7/21/21, 11:15:46 PM;0 sec;10.00 MB;benchmark_admin_1gb_parquet;Completed;N/A;0.01
55482626;7/21/21, 11:15:46 PM;0 sec;10.00 MB;benchmark_admin_1gb_parquet;Completed;N/A;0.01
55481972;7/21/21, 11:15:45 PM;1 sec;10.00 MB;benchmark_admin_1gb_parquet;Completed;N/A;0.01
55480966;7/21/21, 11:15:44 PM;0 sec;10.00 MB;benchmark_admin_1gb_parquet;Completed;N/A;0.01
55480780;7/21/21, 11:15:43 PM;0 sec;10.00 MB;benchmark_admin_1gb_parquet;Completed;N/A;0.01
55479239;7/21/21, 11:15:36 PM;6 sec;98.00 MB;benchmark_admin_1gb_parquet;Completed;N/A;0.098
55479169;7/21/21, 11:15:36 PM;0 sec;12.00 MB;benchmark_admin_1gb_parquet;Completed;N/A;0.012
55479091;7/21/21, 11:15:36 PM;0 sec;10.00 MB;benchmark_admin_1gb_parquet;Completed;N/A;0.01
55479015;7/21/21, 11:15:35 PM;0 sec;10.00 MB;benchmark_admin_1gb_parquet;Completed;N/A;0.01
55455041;7/21/21, 11:14:09 PM;1 sec;10.00 MB;benchmark_admin_1gb_parquet;Completed;N/A;0.01
55454832;7/21/21, 11:14:08 PM;1 sec;26.00 MB;benchmark_admin_1gb_parquet;Completed;N/A;0.026
55454666;7/21/21, 11:14:07 PM;0 sec;19.00 MB;benchmark_admin_1gb_parquet;Completed;N/A;0.019
55454453;7/21/21, 11:14:06 PM;0 sec;10.00 MB;benchmark_admin_1gb_parquet;Completed;N/A;0.01
55454276;7/21/21, 11:14:05 PM;1 sec;33.00 MB;benchmark_admin_1gb_parquet;Completed;N/A;0.033
55453999;7/21/21, 11:14:03 PM;1 sec;23.00 MB;benchmark_admin_1gb_parquet;Completed;N/A;0.023
55453789;7/21/21, 11:14:02 PM;0 sec;10.00 MB;benchmark_admin_1gb_parquet;Completed;N/A;0.01
55453603;7/21/21, 11:14:00 PM;2 sec;16.00 MB;benchmark_admin_1gb_parquet;Completed;N/A;0.016
55453165;7/21/21, 11:13:59 PM;0 sec;10.00 MB;benchmark_admin_1gb_parquet;Completed;N/A;0.01
55452898;7/21/21, 11:13:58 PM;1 sec;23.00 MB;benchmark_admin_1gb_parquet;Completed;N/A;0.023
55452694;7/21/21, 11:13:56 PM;1 sec;29.00 MB;benchmark_admin_1gb_parquet;Completed;N/A;0.029
55451667;7/21/21, 11:13:55 PM;1 sec;40.00 MB;benchmark_admin_1gb_parquet;Completed;N/A;0.04
55451342;7/21/21, 11:13:54 PM;0 sec;10.00 MB;benchmark_admin_1gb_parquet;Completed;N/A;0.01
55447889;7/21/21, 11:13:49 PM;4 sec;38.00 MB;benchmark_admin_1gb_parquet;Completed;N/A;0.038
55444072;7/21/21, 11:13:47 PM;2 sec;18.00 MB;benchmark_admin_1gb_parquet;Completed;N/A;0.018
55443597;7/21/21, 11:13:45 PM;1 sec;12.00 MB;benchmark_admin_1gb_parquet;Completed;N/A;0.012
55441875;7/21/21, 11:13:41 PM;4 sec;67.00 MB;benchmark_admin_1gb_parquet;Completed;N/A;0.067
55441696;7/21/21, 11:13:39 PM;1 sec;15.00 MB;benchmark_admin_1gb_parquet;Completed;N/A;0.015
55440098;7/21/21, 11:13:36 PM;2 sec;85.00 MB;benchmark_admin_1gb_parquet;Completed;N/A;0.085
55438930;7/21/21, 11:13:34 PM;1 sec;32.00 MB;benchmark_admin_1gb_parquet;Completed;N/A;0.032
55438003;7/21/21, 11:13:32 PM;2 sec;68.00 MB;benchmark_admin_1gb_parquet;Completed;N/A;0.068
55437637;7/21/21, 11:13:30 PM;1 sec;55.00 MB;benchmark_admin_1gb_parquet;Completed;N/A;0.055
55437032;7/21/21, 11:13:29 PM;0 sec;40.00 MB;benchmark_admin_1gb_parquet;Completed;N/A;0.04
55436705;7/21/21, 11:13:26 PM;2 sec;111.00 MB;benchmark_admin_1gb_parquet;Completed;N/A;0.111
55435804;7/21/21, 11:13:24 PM;2 sec;83.00 MB;benchmark_admin_1gb_parquet;Completed;N/A;0.083
55435380;7/21/21, 11:13:22 PM;1 sec;16.00 MB;benchmark_admin_1gb_parquet;Completed;N/A;0.016
55432405;7/21/21, 11:13:16 PM;5 sec;90.00 MB;benchmark_admin_1gb_parquet;Completed;N/A;0.09
55431611;7/21/21, 11:13:14 PM;2 sec;37.00 MB;benchmark_admin_1gb_parquet;Completed;N/A;0.037
55431287;7/21/21, 11:13:12 PM;1 sec;28.00 MB;benchmark_admin_1gb_parquet;Completed;N/A;0.028
55430879;7/21/21, 11:13:09 PM;2 sec;16.00 MB;benchmark_admin_1gb_parquet;Completed;N/A;0.016
55430545;7/21/21, 11:13:08 PM;1 sec;55.00 MB;benchmark_admin_1gb_parquet;Completed;N/A;0.055
55430075;7/21/21, 11:13:02 PM;5 sec;107.00 MB;benchmark_admin_1gb_parquet;Completed;N/A;0.107
55429650;7/21/21, 11:13:01 PM;1 sec;35.00 MB;benchmark_admin_1gb_parquet;Completed;N/A;0.035
55429090;7/21/21, 11:12:53 PM;8 sec;200.00 MB;benchmark_admin_1gb_parquet;Completed;N/A;0.2
55427337;7/21/21, 11:12:52 PM;0 sec;15.00 MB;benchmark_admin_1gb_parquet;Completed;N/A;0.015
55426749;7/21/21, 11:12:51 PM;1 sec;10.00 MB;benchmark_admin_1gb_parquet;Completed;N/A;0.01
55426361;7/21/21, 11:12:49 PM;1 sec;10.00 MB;benchmark_admin_1gb_parquet;Completed;N/A;0.01
55422644;7/21/21, 11:12:47 PM;2 sec;42.00 MB;benchmark_admin_1gb_parquet;Completed;N/A;0.042
55420325;7/21/21, 11:12:40 PM;6 sec;18.00 MB;benchmark_admin_1gb_parquet;Completed;N/A;0.018
55419787;7/21/21, 11:12:38 PM;2 sec;155.00 MB;benchmark_admin_1gb_parquet;Completed;N/A;0.155
55418466;7/21/21, 11:12:35 PM;2 sec;43.00 MB;benchmark_admin_1gb_parquet;Completed;N/A;0.043
55417645;7/21/21, 11:12:34 PM;1 sec;20.00 MB;benchmark_admin_1gb_parquet;Completed;N/A;0.02
55416449;7/21/21, 11:12:32 PM;1 sec;10.00 MB;benchmark_admin_1gb_parquet;Completed;N/A;0.01
55416039;7/21/21, 11:12:31 PM;0 sec;15.00 MB;benchmark_admin_1gb_parquet;Completed;N/A;0.015
55415672;7/21/21, 11:12:30 PM;1 sec;20.00 MB;benchmark_admin_1gb_parquet;Completed;N/A;0.02
55415365;7/21/21, 11:12:28 PM;1 sec;31.00 MB;benchmark_admin_1gb_parquet;Completed;N/A;0.031
55415163;7/21/21, 11:12:27 PM;1 sec;16.00 MB;benchmark_admin_1gb_parquet;Completed;N/A;0.016
55414698;7/21/21, 11:12:25 PM;1 sec;68.00 MB;benchmark_admin_1gb_parquet;Completed;N/A;0.068
55414194;7/21/21, 11:12:23 PM;1 sec;39.00 MB;benchmark_admin_1gb_parquet;Completed;N/A;0.039
55410518;7/21/21, 11:12:11 PM;11 sec;89.00 MB;benchmark_admin_1gb_parquet;Completed;N/A;0.089
55409994;7/21/21, 11:12:09 PM;2 sec;52.00 MB;benchmark_admin_1gb_parquet;Completed;N/A;0.052
55409691;7/21/21, 11:12:07 PM;0 sec;10.00 MB;benchmark_admin_1gb_parquet;Completed;N/A;0.01
55409444;7/21/21, 11:12:06 PM;1 sec;65.00 MB;benchmark_admin_1gb_parquet;Completed;N/A;0.065
55409219;7/21/21, 11:12:05 PM;0 sec;10.00 MB;benchmark_admin_1gb_parquet;Completed;N/A;0.01
55408958;7/21/21, 11:12:03 PM;1 sec;20.00 MB;benchmark_admin_1gb_parquet;Completed;N/A;0.02
55408738;7/21/21, 11:12:02 PM;1 sec;13.00 MB;benchmark_admin_1gb_parquet;Completed;N/A;0.013
55408492;7/21/21, 11:12:01 PM;1 sec;80.00 MB;benchmark_admin_1gb_parquet;Completed;N/A;0.08
55407948;7/21/21, 11:11:57 PM;3 sec;31.00 MB;benchmark_admin_1gb_parquet;Completed;N/A;0.031
55407593;7/21/21, 11:11:55 PM;1 sec;50.00 MB;benchmark_admin_1gb_parquet;Completed;N/A;0.05
55407415;7/21/21, 11:11:54 PM;1 sec;41.00 MB;benchmark_admin_1gb_parquet;Completed;N/A;0.041
55405725;7/21/21, 11:11:51 PM;2 sec;23.00 MB;benchmark_admin_1gb_parquet;Completed;N/A;0.023
55399540;7/21/21, 11:11:44 PM;7 sec;10.00 MB;benchmark_admin_1gb_parquet;Completed;N/A;0.01
55398501;7/21/21, 11:11:42 PM;1 sec;38.00 MB;benchmark_admin_1gb_parquet;Completed;N/A;0.038
55397952;7/21/21, 11:11:40 PM;1 sec;65.00 MB;benchmark_admin_1gb_parquet;Completed;N/A;0.065
55397429;7/21/21, 11:11:38 PM;2 sec;25.00 MB;benchmark_admin_1gb_parquet;Completed;N/A;0.025
55395952;7/21/21, 11:11:37 PM;1 sec;206.00 MB;benchmark_admin_1gb_parquet;Completed;N/A;0.206
55395653;7/21/21, 11:11:35 PM;1 sec;37.00 MB;benchmark_admin_1gb_parquet;Completed;N/A;0.037
55394002;7/21/21, 11:11:29 PM;5 sec;34.00 MB;benchmark_admin_1gb_parquet;Completed;N/A;0.034
55393634;7/21/21, 11:11:26 PM;2 sec;39.00 MB;benchmark_admin_1gb_parquet;Completed;N/A;0.039
55392474;7/21/21, 11:11:22 PM;0 sec;10.00 MB;benchmark_admin_1gb_parquet;Completed;N/A;0.01
55392802;7/21/21, 11:11:22 PM;1 sec;10.00 MB;benchmark_admin_1gb_parquet;Completed;N/A;0.01
55393323;7/21/21, 11:11:22 PM;4 sec;13.00 MB;benchmark_admin_1gb_parquet;Completed;N/A;0.013
55393323;7/21/21, 11:11:22 PM;4 sec;13.00 MB;benchmark_admin_1gb_parquet;Completed;N/A;0.013
55391392;7/21/21, 11:11:19 PM;3 sec;112.00 MB;benchmark_admin_1gb_parquet;Completed;N/A;0.112
55389455;7/21/21, 11:11:17 PM;1 sec;54.00 MB;benchmark_admin_1gb_parquet;Completed;N/A;0.054
55388681;7/21/21, 11:11:15 PM;2 sec;43.00 MB;benchmark_admin_1gb_parquet;Completed;N/A;0.043
55388508;7/21/21, 11:11:14 PM;0 sec;14.00 MB;benchmark_admin_1gb_parquet;Completed;N/A;0.014
55388338;7/21/21, 11:11:12 PM;1 sec;25.00 MB;benchmark_admin_1gb_parquet;Completed;N/A;0.025
55388047;7/21/21, 11:11:10 PM;2 sec;49.00 MB;benchmark_admin_1gb_parquet;Completed;N/A;0.049
55387785;7/21/21, 11:11:07 PM;2 sec;26.00 MB;benchmark_admin_1gb_parquet;Completed;N/A;0.026
55387447;7/21/21, 11:11:06 PM;1 sec;39.00 MB;benchmark_admin_1gb_parquet;Completed;N/A;0.039
55387216;7/21/21, 11:11:04 PM;1 sec;11.00 MB;benchmark_admin_1gb_parquet;Completed;N/A;0.011
55386839;7/21/21, 11:10:55 PM;9 sec;140.00 MB;benchmark_admin_1gb_parquet;Completed;N/A;0.14
55385299;7/21/21, 11:10:52 PM;2 sec;59.00 MB;benchmark_admin_1gb_parquet;Completed;N/A;0.059
55383782;7/21/21, 11:10:52 PM;0 sec;10.00 MB;benchmark_admin_1gb_parquet;Completed;N/A;0.01
55380131;7/21/21, 11:10:48 PM;3 sec;141.00 MB;benchmark_admin_1gb_parquet;Completed;N/A;0.141
55377808;7/21/21, 11:10:43 PM;4 sec;28.00 MB;benchmark_admin_1gb_parquet;Completed;N/A;0.028
55376425;7/21/21, 11:10:38 PM;5 sec;48.00 MB;benchmark_admin_1gb_parquet;Completed;N/A;0.048
55375200;7/21/21, 11:10:36 PM;2 sec;83.00 MB;benchmark_admin_1gb_parquet;Completed;N/A;0.083
55373302;7/21/21, 11:10:32 PM;3 sec;202.00 MB;benchmark_admin_1gb_parquet;Completed;N/A;0.202
55372526;7/21/21, 11:10:30 PM;1 sec;13.00 MB;benchmark_admin_1gb_parquet;Completed;N/A;0.013
55372199;7/21/21, 11:10:27 PM;3 sec;21.00 MB;benchmark_admin_1gb_parquet;Completed;N/A;0.021
55371939;7/21/21, 11:10:25 PM;1 sec;13.00 MB;benchmark_admin_1gb_parquet;Completed;N/A;0.013
55371718;7/21/21, 11:10:25 PM;0 sec;10.00 MB;benchmark_admin_1gb_parquet;Completed;N/A;0.01
55371643;7/21/21, 11:10:24 PM;0 sec;46.00 MB;benchmark_admin_1gb_parquet;Completed;N/A;0.046
55371560;7/21/21, 11:10:23 PM;0 sec;10.00 MB;benchmark_admin_1gb_parquet;Completed;N/A;0.01
55371484;7/21/21, 11:10:23 PM;0 sec;10.00 MB;benchmark_admin_1gb_parquet;Completed;N/A;0.01
55371401;7/21/21, 11:10:23 PM;0 sec;10.00 MB;benchmark_admin_1gb_parquet;Completed;N/A;0.01
55371326;7/21/21, 11:10:22 PM;0 sec;10.00 MB;benchmark_admin_1gb_parquet;Completed;N/A;0.01
55371243;7/21/21, 11:10:22 PM;0 sec;10.00 MB;benchmark_admin_1gb_parquet;Completed;N/A;0.01
55371131;7/21/21, 11:10:20 PM;2 sec;121.00 MB;benchmark_admin_1gb_parquet;Completed;N/A;0.121
55370467;7/21/21, 11:10:19 PM;0 sec;17.00 MB;benchmark_admin_1gb_parquet;Completed;N/A;0.017
55369930;7/21/21, 11:10:19 PM;0 sec;10.00 MB;benchmark_admin_1gb_parquet;Completed;N/A;0.01
55369612;7/21/21, 11:10:19 PM;0 sec;10.00 MB;benchmark_admin_1gb_parquet;Completed;N/A;0.01
55369537;7/21/21, 11:10:18 PM;0 sec;10.00 MB;benchmark_admin_1gb_parquet;Completed;N/A;0.01
55369454;7/21/21, 11:10:18 PM;0 sec;10.00 MB;benchmark_admin_1gb_parquet;Completed;N/A;0.01
55367958;7/21/21, 11:10:11 PM;6 sec;38.00 MB;benchmark_admin_1gb_parquet;Completed;N/A;0.038
55367875;7/21/21, 11:10:11 PM;0 sec;10.00 MB;benchmark_admin_1gb_parquet;Completed;N/A;0.01
55367799;7/21/21, 11:10:10 PM;0 sec;10.00 MB;benchmark_admin_1gb_parquet;Completed;N/A;0.01
55367716;7/21/21, 11:10:10 PM;0 sec;10.00 MB;benchmark_admin_1gb_parquet;Completed;N/A;0.01
55367639;7/21/21, 11:10:10 PM;0 sec;10.00 MB;benchmark_admin_1gb_parquet;Completed;N/A;0.01
55367555;7/21/21, 11:10:09 PM;0 sec;10.00 MB;benchmark_admin_1gb_parquet;Completed;N/A;0.01
55366340;7/21/21, 11:10:08 PM;0 sec;10.00 MB;benchmark_admin_1gb_parquet;Completed;N/A;0.01
55364837;7/21/21, 11:10:06 PM;1 sec;98.00 MB;benchmark_admin_1gb_parquet;Completed;N/A;0.098
55363949;7/21/21, 11:10:06 PM;0 sec;12.00 MB;benchmark_admin_1gb_parquet;Completed;N/A;0.012
55363120;7/21/21, 11:10:06 PM;0 sec;10.00 MB;benchmark_admin_1gb_parquet;Completed;N/A;0.01
55362344;7/21/21, 11:10:05 PM;0 sec;10.00 MB;benchmark_admin_1gb_parquet;Completed;N/A;0.01
55195403;7/21/21, 10:59:33 PM;1 sec;10.00 MB;benchmark_admin_1gb_parquet;Completed;N/A;0.01
55194839;7/21/21, 10:59:32 PM;0 sec;26.00 MB;benchmark_admin_1gb_parquet;Completed;N/A;0.026
55194680;7/21/21, 10:59:31 PM;0 sec;19.00 MB;benchmark_admin_1gb_parquet;Completed;N/A;0.019
55194492;7/21/21, 10:59:30 PM;1 sec;10.00 MB;benchmark_admin_1gb_parquet;Completed;N/A;0.01
55194286;7/21/21, 10:59:28 PM;1 sec;33.00 MB;benchmark_admin_1gb_parquet;Completed;N/A;0.033
55193720;7/21/21, 10:59:25 PM;0 sec;10.00 MB;benchmark_admin_1gb_parquet;Completed;N/A;0.01
55193992;7/21/21, 10:59:25 PM;2 sec;24.00 MB;benchmark_admin_1gb_parquet;Completed;N/A;0.024
55193137;7/21/21, 10:59:25 PM;0 sec;10.00 MB;benchmark_admin_1gb_parquet;Completed;N/A;0.01
55191370;7/21/21, 10:59:22 PM;0 sec;10.00 MB;benchmark_admin_1gb_parquet;Completed;N/A;0.01
55191609;7/21/21, 10:59:22 PM;0 sec;10.00 MB;benchmark_admin_1gb_parquet;Completed;N/A;0.01
55192264;7/21/21, 10:59:22 PM;3 sec;22.00 MB;benchmark_admin_1gb_parquet;Completed;N/A;0.022
55191131;7/21/21, 10:59:21 PM;0 sec;10.00 MB;benchmark_admin_1gb_parquet;Completed;N/A;0.01
55190863;7/21/21, 10:59:19 PM;1 sec;23.00 MB;benchmark_admin_1gb_parquet;Completed;N/A;0.023
55188876;7/21/21, 10:59:14 PM;4 sec;42.00 MB;benchmark_admin_1gb_parquet;Completed;N/A;0.042
55187889;7/21/21, 10:59:13 PM;1 sec;40.00 MB;benchmark_admin_1gb_parquet;Completed;N/A;0.04
55187570;7/21/21, 10:59:12 PM;0 sec;10.00 MB;benchmark_admin_1gb_parquet;Completed;N/A;0.01
55187090;7/21/21, 10:59:07 PM;0 sec;10.00 MB;benchmark_admin_1gb_parquet;Completed;N/A;0.01
55187378;7/21/21, 10:59:07 PM;5 sec;44.00 MB;benchmark_admin_1gb_parquet;Completed;N/A;0.044
55186803;7/21/21, 10:59:04 PM;2 sec;22.00 MB;benchmark_admin_1gb_parquet;Completed;N/A;0.022
55186538;7/21/21, 10:59:02 PM;1 sec;15.00 MB;benchmark_admin_1gb_parquet;Completed;N/A;0.015
55186078;7/21/21, 10:58:58 PM;3 sec;68.00 MB;benchmark_admin_1gb_parquet;Completed;N/A;0.068
55185891;7/21/21, 10:58:56 PM;1 sec;15.00 MB;benchmark_admin_1gb_parquet;Completed;N/A;0.015
55185623;7/21/21, 10:58:54 PM;2 sec;86.00 MB;benchmark_admin_1gb_parquet;Completed;N/A;0.086
55184873;7/21/21, 10:58:52 PM;1 sec;32.00 MB;benchmark_admin_1gb_parquet;Completed;N/A;0.032
55184186;7/21/21, 10:58:50 PM;1 sec;68.00 MB;benchmark_admin_1gb_parquet;Completed;N/A;0.068
55182610;7/21/21, 10:58:48 PM;1 sec;57.00 MB;benchmark_admin_1gb_parquet;Completed;N/A;0.057
55179638;7/21/21, 10:58:47 PM;1 sec;40.00 MB;benchmark_admin_1gb_parquet;Completed;N/A;0.04
55179313;7/21/21, 10:58:45 PM;2 sec;111.00 MB;benchmark_admin_1gb_parquet;Completed;N/A;0.111
55176915;7/21/21, 10:58:43 PM;1 sec;83.00 MB;benchmark_admin_1gb_parquet;Completed;N/A;0.083
55176370;7/21/21, 10:58:42 PM;0 sec;16.00 MB;benchmark_admin_1gb_parquet;Completed;N/A;0.016
55173931;7/21/21, 10:58:33 PM;8 sec;101.00 MB;benchmark_admin_1gb_parquet;Completed;N/A;0.101
55172846;7/21/21, 10:58:30 PM;1 sec;10.00 MB;benchmark_admin_1gb_parquet;Completed;N/A;0.01
55173133;7/21/21, 10:58:30 PM;2 sec;37.00 MB;benchmark_admin_1gb_parquet;Completed;N/A;0.037
55172494;7/21/21, 10:58:28 PM;1 sec;28.00 MB;benchmark_admin_1gb_parquet;Completed;N/A;0.028
55172282;7/21/21, 10:58:25 PM;2 sec;19.00 MB;benchmark_admin_1gb_parquet;Completed;N/A;0.019
55171947;7/21/21, 10:58:24 PM;1 sec;55.00 MB;benchmark_admin_1gb_parquet;Completed;N/A;0.055
55171229;7/21/21, 10:58:18 PM;5 sec;111.00 MB;benchmark_admin_1gb_parquet;Completed;N/A;0.111
55170491;7/21/21, 10:58:17 PM;0 sec;35.00 MB;benchmark_admin_1gb_parquet;Completed;N/A;0.035
55168404;7/21/21, 10:58:05 PM;1 sec;10.00 MB;benchmark_admin_1gb_parquet;Completed;N/A;0.01
55168747;7/21/21, 10:58:05 PM;2 sec;10.00 MB;benchmark_admin_1gb_parquet;Completed;N/A;0.01
55169629;7/21/21, 10:58:05 PM;11 sec;208.00 MB;benchmark_admin_1gb_parquet;Completed;N/A;0.208
55167828;7/21/21, 10:58:04 PM;0 sec;15.00 MB;benchmark_admin_1gb_parquet;Completed;N/A;0.015
55167064;7/21/21, 10:58:01 PM;0 sec;10.00 MB;benchmark_admin_1gb_parquet;Completed;N/A;0.01
55167313;7/21/21, 10:58:01 PM;0 sec;10.00 MB;benchmark_admin_1gb_parquet;Completed;N/A;0.01
55167585;7/21/21, 10:58:01 PM;2 sec;10.00 MB;benchmark_admin_1gb_parquet;Completed;N/A;0.01
55166182;7/21/21, 10:57:59 PM;0 sec;10.00 MB;benchmark_admin_1gb_parquet;Completed;N/A;0.01
55166449;7/21/21, 10:57:59 PM;0 sec;10.00 MB;benchmark_admin_1gb_parquet;Completed;N/A;0.01
55166889;7/21/21, 10:57:59 PM;1 sec;10.00 MB;benchmark_admin_1gb_parquet;Completed;N/A;0.01
55165940;7/21/21, 10:57:57 PM;2 sec;47.00 MB;benchmark_admin_1gb_parquet;Completed;N/A;0.047
55163712;7/21/21, 10:57:48 PM;8 sec;19.00 MB;benchmark_admin_1gb_parquet;Completed;N/A;0.019
55161855;7/21/21, 10:57:46 PM;0 sec;10.00 MB;benchmark_admin_1gb_parquet;Completed;N/A;0.01
55162293;7/21/21, 10:57:46 PM;2 sec;130.00 MB;benchmark_admin_1gb_parquet;Completed;N/A;0.13
55156220;7/21/21, 10:57:28 PM;0 sec;10.00 MB;benchmark_admin_1gb_parquet;Completed;N/A;0.01
55156569;7/21/21, 10:57:28 PM;17 sec;43.00 MB;benchmark_admin_1gb_parquet;Completed;N/A;0.043
55155761;7/21/21, 10:57:26 PM;1 sec;20.00 MB;benchmark_admin_1gb_parquet;Completed;N/A;0.02
55155610;7/21/21, 10:57:24 PM;2 sec;11.00 MB;benchmark_admin_1gb_parquet;Completed;N/A;0.011
55155610;7/21/21, 10:57:24 PM;2 sec;11.00 MB;benchmark_admin_1gb_parquet;Completed;N/A;0.011
55155136;7/21/21, 10:57:23 PM;1 sec;15.00 MB;benchmark_admin_1gb_parquet;Completed;N/A;0.015
55154787;7/21/21, 10:57:21 PM;1 sec;20.00 MB;benchmark_admin_1gb_parquet;Completed;N/A;0.02
55154632;7/21/21, 10:57:20 PM;1 sec;31.00 MB;benchmark_admin_1gb_parquet;Completed;N/A;0.031
55152169;7/21/21, 10:57:15 PM;0 sec;10.00 MB;benchmark_admin_1gb_parquet;Completed;N/A;0.01
55152430;7/21/21, 10:57:15 PM;0 sec;10.00 MB;benchmark_admin_1gb_parquet;Completed;N/A;0.01
55152679;7/21/21, 10:57:15 PM;0 sec;10.00 MB;benchmark_admin_1gb_parquet;Completed;N/A;0.01
55152937;7/21/21, 10:57:15 PM;1 sec;10.00 MB;benchmark_admin_1gb_parquet;Completed;N/A;0.01
55153224;7/21/21, 10:57:15 PM;3 sec;20.00 MB;benchmark_admin_1gb_parquet;Completed;N/A;0.02
55151956;7/21/21, 10:57:13 PM;2 sec;69.00 MB;benchmark_admin_1gb_parquet;Completed;N/A;0.069
55151542;7/21/21, 10:57:11 PM;1 sec;39.00 MB;benchmark_admin_1gb_parquet;Completed;N/A;0.039
55150769;7/21/21, 10:56:59 PM;0 sec;10.00 MB;benchmark_admin_1gb_parquet;Completed;N/A;0.01
55151214;7/21/21, 10:56:59 PM;12 sec;91.00 MB;benchmark_admin_1gb_parquet;Completed;N/A;0.091
55149889;7/21/21, 10:56:56 PM;0 sec;10.00 MB;benchmark_admin_1gb_parquet;Completed;N/A;0.01
55150281;7/21/21, 10:56:56 PM;1 sec;10.00 MB;benchmark_admin_1gb_parquet;Completed;N/A;0.01
55150534;7/21/21, 10:56:56 PM;2 sec;43.00 MB;benchmark_admin_1gb_parquet;Completed;N/A;0.043
55149667;7/21/21, 10:56:55 PM;0 sec;10.00 MB;benchmark_admin_1gb_parquet;Completed;N/A;0.01
55149440;7/21/21, 10:56:53 PM;2 sec;65.00 MB;benchmark_admin_1gb_parquet;Completed;N/A;0.065
55148827;7/21/21, 10:56:52 PM;1 sec;10.00 MB;benchmark_admin_1gb_parquet;Completed;N/A;0.01
55148673;7/21/21, 10:56:50 PM;0 sec;20.00 MB;benchmark_admin_1gb_parquet;Completed;N/A;0.02
55145644;7/21/21, 10:56:47 PM;1 sec;10.00 MB;benchmark_admin_1gb_parquet;Completed;N/A;0.01
55147118;7/21/21, 10:56:47 PM;3 sec;14.00 MB;benchmark_admin_1gb_parquet;Completed;N/A;0.014
55143818;7/21/21, 10:56:45 PM;1 sec;80.00 MB;benchmark_admin_1gb_parquet;Completed;N/A;0.08
55141706;7/21/21, 10:56:40 PM;4 sec;32.00 MB;benchmark_admin_1gb_parquet;Completed;N/A;0.032
55141327;7/21/21, 10:56:38 PM;1 sec;50.00 MB;benchmark_admin_1gb_parquet;Completed;N/A;0.05
55140337;7/21/21, 10:56:37 PM;1 sec;41.00 MB;benchmark_admin_1gb_parquet;Completed;N/A;0.041
55139577;7/21/21, 10:56:34 PM;2 sec;23.00 MB;benchmark_admin_1gb_parquet;Completed;N/A;0.023
55137034;7/21/21, 10:56:31 PM;0 sec;10.00 MB;benchmark_admin_1gb_parquet;Completed;N/A;0.01
55137328;7/21/21, 10:56:31 PM;1 sec;10.00 MB;benchmark_admin_1gb_parquet;Completed;N/A;0.01
55137618;7/21/21, 10:56:31 PM;2 sec;10.00 MB;benchmark_admin_1gb_parquet;Completed;N/A;0.01
55136858;7/21/21, 10:56:28 PM;2 sec;41.00 MB;benchmark_admin_1gb_parquet;Completed;N/A;0.041
55136272;7/21/21, 10:56:26 PM;1 sec;65.00 MB;benchmark_admin_1gb_parquet;Completed;N/A;0.065
55135750;7/21/21, 10:56:23 PM;2 sec;25.00 MB;benchmark_admin_1gb_parquet;Completed;N/A;0.025
55135280;7/21/21, 10:56:21 PM;2 sec;239.00 MB;benchmark_admin_1gb_parquet;Completed;N/A;0.239
55134993;7/21/21, 10:56:18 PM;2 sec;37.00 MB;benchmark_admin_1gb_parquet;Completed;N/A;0.037
55133455;7/21/21, 10:56:12 PM;6 sec;38.00 MB;benchmark_admin_1gb_parquet;Completed;N/A;0.038
55132959;7/21/21, 10:56:09 PM;0 sec;10.00 MB;benchmark_admin_1gb_parquet;Completed;N/A;0.01
55133245;7/21/21, 10:56:09 PM;3 sec;39.00 MB;benchmark_admin_1gb_parquet;Completed;N/A;0.039
55132572;7/21/21, 10:56:06 PM;2 sec;116.00 MB;benchmark_admin_1gb_parquet;Completed;N/A;0.116
55131409;7/21/21, 10:56:04 PM;0 sec;11.00 MB;benchmark_admin_1gb_parquet;Completed;N/A;0.011
55131808;7/21/21, 10:56:04 PM;1 sec;54.00 MB;benchmark_admin_1gb_parquet;Completed;N/A;0.054
55130904;7/21/21, 10:55:59 PM;0 sec;10.00 MB;benchmark_admin_1gb_parquet;Completed;N/A;0.01
55131180;7/21/21, 10:55:59 PM;4 sec;65.00 MB;benchmark_admin_1gb_parquet;Completed;N/A;0.065
55130721;7/21/21, 10:55:58 PM;0 sec;14.00 MB;benchmark_admin_1gb_parquet;Completed;N/A;0.014
55129874;7/21/21, 10:55:55 PM;1 sec;11.00 MB;benchmark_admin_1gb_parquet;Completed;N/A;0.011
55130303;7/21/21, 10:55:55 PM;1 sec;10.00 MB;benchmark_admin_1gb_parquet;Completed;N/A;0.01
55130558;7/21/21, 10:55:55 PM;3 sec;25.00 MB;benchmark_admin_1gb_parquet;Completed;N/A;0.025
55129258;7/21/21, 10:55:50 PM;4 sec;55.00 MB;benchmark_admin_1gb_parquet;Completed;N/A;0.055
55123119;7/21/21, 10:55:44 PM;0 sec;11.00 MB;benchmark_admin_1gb_parquet;Completed;N/A;0.011
55123515;7/21/21, 10:55:44 PM;1 sec;10.00 MB;benchmark_admin_1gb_parquet;Completed;N/A;0.01
55124287;7/21/21, 10:55:44 PM;2 sec;10.00 MB;benchmark_admin_1gb_parquet;Completed;N/A;0.01
55124684;7/21/21, 10:55:44 PM;6 sec;32.00 MB;benchmark_admin_1gb_parquet;Completed;N/A;0.032
55120727;7/21/21, 10:55:37 PM;1 sec;10.00 MB;benchmark_admin_1gb_parquet;Completed;N/A;0.01
55121075;7/21/21, 10:55:37 PM;1 sec;10.00 MB;benchmark_admin_1gb_parquet;Completed;N/A;0.01
55121372;7/21/21, 10:55:37 PM;2 sec;10.00 MB;benchmark_admin_1gb_parquet;Completed;N/A;0.01
55121645;7/21/21, 10:55:37 PM;6 sec;48.00 MB;benchmark_admin_1gb_parquet;Completed;N/A;0.048
55118808;7/21/21, 10:55:35 PM;0 sec;10.00 MB;benchmark_admin_1gb_parquet;Completed;N/A;0.01
55119178;7/21/21, 10:55:35 PM;1 sec;11.00 MB;benchmark_admin_1gb_parquet;Completed;N/A;0.011
55116959;7/21/21, 10:55:28 PM;6 sec;146.00 MB;benchmark_admin_1gb_parquet;Completed;N/A;0.146
55114267;7/21/21, 10:55:22 PM;1 sec;10.00 MB;benchmark_admin_1gb_parquet;Completed;N/A;0.01
55114714;7/21/21, 10:55:22 PM;2 sec;10.00 MB;benchmark_admin_1gb_parquet;Completed;N/A;0.01
55115367;7/21/21, 10:55:22 PM;6 sec;61.00 MB;benchmark_admin_1gb_parquet;Completed;N/A;0.061
55112360;7/21/21, 10:55:19 PM;1 sec;15.00 MB;benchmark_admin_1gb_parquet;Completed;N/A;0.015
55113117;7/21/21, 10:55:19 PM;1 sec;11.00 MB;benchmark_admin_1gb_parquet;Completed;N/A;0.011
55113505;7/21/21, 10:55:19 PM;2 sec;11.00 MB;benchmark_admin_1gb_parquet;Completed;N/A;0.011
55113911;7/21/21, 10:55:19 PM;3 sec;10.00 MB;benchmark_admin_1gb_parquet;Completed;N/A;0.01
55108009;7/21/21, 10:55:11 PM;0 sec;10.00 MB;benchmark_admin_1gb_parquet;Completed;N/A;0.01
55108989;7/21/21, 10:55:11 PM;1 sec;10.00 MB;benchmark_admin_1gb_parquet;Completed;N/A;0.01
55109546;7/21/21, 10:55:11 PM;1 sec;10.00 MB;benchmark_admin_1gb_parquet;Completed;N/A;0.01
55109806;7/21/21, 10:55:11 PM;2 sec;10.00 MB;benchmark_admin_1gb_parquet;Completed;N/A;0.01
55110078;7/21/21, 10:55:11 PM;2 sec;10.00 MB;benchmark_admin_1gb_parquet;Completed;N/A;0.01
55110315;7/21/21, 10:55:11 PM;2 sec;12.00 MB;benchmark_admin_1gb_parquet;Completed;N/A;0.012
55110936;7/21/21, 10:55:11 PM;7 sec;141.00 MB;benchmark_admin_1gb_parquet;Completed;N/A;0.141
55102114;7/21/21, 10:55:02 PM;2 sec;22.00 MB;benchmark_admin_1gb_parquet;Completed;N/A;0.022
55103161;7/21/21, 10:55:02 PM;4 sec;10.00 MB;benchmark_admin_1gb_parquet;Completed;N/A;0.01
55104912;7/21/21, 10:55:02 PM;8 sec;29.00 MB;benchmark_admin_1gb_parquet;Completed;N/A;0.029
55084753;7/21/21, 10:54:32 PM;2 sec;21.00 MB;benchmark_admin_1gb_parquet;Completed;N/A;0.021
55086943;7/21/21, 10:54:32 PM;4 sec;21.00 MB;benchmark_admin_1gb_parquet;Completed;N/A;0.021
55088584;7/21/21, 10:54:32 PM;9 sec;24.00 MB;benchmark_admin_1gb_parquet;Completed;N/A;0.024
55090336;7/21/21, 10:54:32 PM;10 sec;10.00 MB;benchmark_admin_1gb_parquet;Completed;N/A;0.01
55090595;7/21/21, 10:54:32 PM;10 sec;10.00 MB;benchmark_admin_1gb_parquet;Completed;N/A;0.01
55090840;7/21/21, 10:54:32 PM;11 sec;10.00 MB;benchmark_admin_1gb_parquet;Completed;N/A;0.01
55091171;7/21/21, 10:54:32 PM;30 sec;61.00 MB;benchmark_admin_1gb_parquet;Completed;N/A;0.061
55082827;7/21/21, 10:54:24 PM;0 sec;10.00 MB;benchmark_admin_1gb_parquet;Completed;N/A;0.01
55083127;7/21/21, 10:54:24 PM;1 sec;10.00 MB;benchmark_admin_1gb_parquet;Completed;N/A;0.01
55083443;7/21/21, 10:54:24 PM;2 sec;10.00 MB;benchmark_admin_1gb_parquet;Completed;N/A;0.01
55083743;7/21/21, 10:54:24 PM;3 sec;10.00 MB;benchmark_admin_1gb_parquet;Completed;N/A;0.01
55084032;7/21/21, 10:54:24 PM;3 sec;10.00 MB;benchmark_admin_1gb_parquet;Completed;N/A;0.01
55084338;7/21/21, 10:54:24 PM;7 sec;62.00 MB;benchmark_admin_1gb_parquet;Completed;N/A;0.062
55079395;7/21/21, 10:54:12 PM;0 sec;10.00 MB;benchmark_admin_1gb_parquet;Completed;N/A;0.01
55080674;7/21/21, 10:54:12 PM;11 sec;169.00 MB;benchmark_admin_1gb_parquet;Completed;N/A;0.169
55077698;7/21/21, 10:54:08 PM;1 sec;11.00 MB;benchmark_admin_1gb_parquet;Completed;N/A;0.011
55078121;7/21/21, 10:54:08 PM;4 sec;20.00 MB;benchmark_admin_1gb_parquet;Completed;N/A;0.02
55071134;7/21/21, 10:54:03 PM;4 sec;22.00 MB;benchmark_admin_1gb_parquet;Completed;N/A;0.022
55070503;7/21/21, 10:53:59 PM;0 sec;10.00 MB;benchmark_admin_1gb_parquet;Completed;N/A;0.01
55070821;7/21/21, 10:53:59 PM;3 sec;13.00 MB;benchmark_admin_1gb_parquet;Completed;N/A;0.013
55070344;7/21/21, 10:53:59 PM;0 sec;10.00 MB;benchmark_admin_1gb_parquet;Completed;N/A;0.01
55070214;7/21/21, 10:53:58 PM;0 sec;46.00 MB;benchmark_admin_1gb_parquet;Completed;N/A;0.046
55070143;7/21/21, 10:53:57 PM;0 sec;10.00 MB;benchmark_admin_1gb_parquet;Completed;N/A;0.01
55070065;7/21/21, 10:53:57 PM;0 sec;10.00 MB;benchmark_admin_1gb_parquet;Completed;N/A;0.01
55069976;7/21/21, 10:53:57 PM;0 sec;10.00 MB;benchmark_admin_1gb_parquet;Completed;N/A;0.01
55069976;7/21/21, 10:53:57 PM;0 sec;10.00 MB;benchmark_admin_1gb_parquet;Completed;N/A;0.01
55069895;7/21/21, 10:53:56 PM;0 sec;10.00 MB;benchmark_admin_1gb_parquet;Completed;N/A;0.01
55069809;7/21/21, 10:53:56 PM;0 sec;10.00 MB;benchmark_admin_1gb_parquet;Completed;N/A;0.01
55069727;7/21/21, 10:53:54 PM;1 sec;121.00 MB;benchmark_admin_1gb_parquet;Completed;N/A;0.121
55069636;7/21/21, 10:53:53 PM;0 sec;17.00 MB;benchmark_admin_1gb_parquet;Completed;N/A;0.017
55069558;7/21/21, 10:53:53 PM;0 sec;10.00 MB;benchmark_admin_1gb_parquet;Completed;N/A;0.01
55069472;7/21/21, 10:53:53 PM;0 sec;10.00 MB;benchmark_admin_1gb_parquet;Completed;N/A;0.01
55069392;7/21/21, 10:53:52 PM;0 sec;10.00 MB;benchmark_admin_1gb_parquet;Completed;N/A;0.01
55069306;7/21/21, 10:53:52 PM;0 sec;10.00 MB;benchmark_admin_1gb_parquet;Completed;N/A;0.01
55067948;7/21/21, 10:53:51 PM;0 sec;38.00 MB;benchmark_admin_1gb_parquet;Completed;N/A;0.038
55067584;7/21/21, 10:53:51 PM;0 sec;10.00 MB;benchmark_admin_1gb_parquet;Completed;N/A;0.01
55067397;7/21/21, 10:53:50 PM;0 sec;10.00 MB;benchmark_admin_1gb_parquet;Completed;N/A;0.01
55067311;7/21/21, 10:53:50 PM;0 sec;10.00 MB;benchmark_admin_1gb_parquet;Completed;N/A;0.01
55066075;7/21/21, 10:53:49 PM;0 sec;10.00 MB;benchmark_admin_1gb_parquet;Completed;N/A;0.01
55064318;7/21/21, 10:53:48 PM;0 sec;10.00 MB;benchmark_admin_1gb_parquet;Completed;N/A;0.01
55063658;7/21/21, 10:53:47 PM;0 sec;10.00 MB;benchmark_admin_1gb_parquet;Completed;N/A;0.01
55060885;7/21/21, 10:53:41 PM;5 sec;98.00 MB;benchmark_admin_1gb_parquet;Completed;N/A;0.098
55060706;7/21/21, 10:53:41 PM;0 sec;12.00 MB;benchmark_admin_1gb_parquet;Completed;N/A;0.012
55060520;7/21/21, 10:53:40 PM;0 sec;10.00 MB;benchmark_admin_1gb_parquet;Completed;N/A;0.01
55060313;7/21/21, 10:53:40 PM;0 sec;10.00 MB;benchmark_admin_1gb_parquet;Completed;N/A;0.01
;;;;;;;
;;;;;;;
;;;;;;;
;;;;;;;
;;;;;;;
;;;;;;;
;;;;;;;
;;;;;;;
;;;;;;;
;;;;;;;
;;;;;;;
;;;;;;;
;;;;;;;
;;;;;;;
;;;;;;;
;;;;;;;
;;;;;;;
;;;;;;;
;;;;;;;
;;;;;;;
;;;;;;;
;;;;;;;
;;;;;;;
;;;;;;;
;;;;;;;
;;;;;;;
;;;;;;;
;;;;;;;
;;;;;;;
;;;;;;;
;;;;;;;
;;;;;;;
;;;;;;;
;;;;;;;
;;;;;;;
;;;;;;;
;;;;;;;
;;;;;;;
;;;;;;;
;;;;;;;
;;;;;;;
;;;;;;;
;;;;;;;
;;;;;;;
;;;;;;;
